INSERT INTO Brewers (id,name,country) VALUES (1,'fbce9b96-7334-4904-a995-c6407bef3927','Samoa');
INSERT INTO Brewers (id,name,country) VALUES (2,'0b7ef00e-04be-4358-96d0-4796dc65473c','Norway');
INSERT INTO Brewers (id,name,country) VALUES (3,'c5248b9e-71f2-4d05-bd86-cd0b5b75e33a','Bhutan');
INSERT INTO Brewers (id,name,country) VALUES (4,'360b318d-16d8-4ff9-9a60-2110d011848a','Guadeloupe');
INSERT INTO Brewers (id,name,country) VALUES (5,'58efd0c5-ba20-4731-94ff-5daefb5b980f','Kiribati');
INSERT INTO Brewers (id,name,country) VALUES (6,'c8ac8304-472b-45b8-9ad1-1627ac4480ff','Madagascar');
INSERT INTO Brewers (id,name,country) VALUES (7,'0925b9fd-44c0-424d-954d-cff2dfa0cc6b','Vietnam');
INSERT INTO Brewers (id,name,country) VALUES (8,'3590f635-413c-47ce-abe6-2b5684afdad9','British Virgin Islands');
INSERT INTO Brewers (id,name,country) VALUES (9,'dcf535ae-522d-43c7-bca7-0488facacf73','Norway');
INSERT INTO Brewers (id,name,country) VALUES (10,'ab284e00-174c-495c-9e8d-cd2b6703a1df','Guernsey');
INSERT INTO Beers (id,name,brewer) VALUES (1,'c3d160d2-7d19-444f-aaac-f0604c58c533',8);
INSERT INTO Beers (id,name,brewer) VALUES (2,'c1bdcffc-a8b6-40db-ab20-208eef0d6604',9);
INSERT INTO Beers (id,name,brewer) VALUES (3,'acb61bb7-297a-4c86-b5ff-86d6d5665ffd',10);
INSERT INTO Beers (id,name,brewer) VALUES (4,'12250f60-e598-49fb-9922-29e70b1ec735',8);
INSERT INTO Beers (id,name,brewer) VALUES (5,'7fd79737-f22d-40d6-b9b4-d868415527f0',5);
INSERT INTO Beers (id,name,brewer) VALUES (6,'2b236ae0-81bb-4138-979b-dd43ced4c184',7);
INSERT INTO Beers (id,name,brewer) VALUES (7,'dcd6bddf-6f38-4a2f-923e-5b6713efab61',4);
INSERT INTO Beers (id,name,brewer) VALUES (8,'d2eeacba-2ba0-46ea-b4ba-e1e1fb1eb5bb',2);
INSERT INTO Beers (id,name,brewer) VALUES (9,'37537d09-8aa8-4a64-9083-09db0fa68c06',6);
INSERT INTO Beers (id,name,brewer) VALUES (10,'8a0c2eb8-348f-4dd3-a042-3fc64cf9a176',10);
INSERT INTO Beers (id,name,brewer) VALUES (11,'da05fd1a-c1bb-42c0-8512-548f033e4610',2);
INSERT INTO Beers (id,name,brewer) VALUES (12,'83568ab9-0332-4171-91b5-680c3ffc0134',1);
INSERT INTO Beers (id,name,brewer) VALUES (13,'53b7db8e-2e52-463c-954b-b81ae49680ca',4);
INSERT INTO Beers (id,name,brewer) VALUES (14,'3adbaedb-7629-4e18-a3dc-781130095b34',6);
INSERT INTO Beers (id,name,brewer) VALUES (15,'c6ac7c06-914f-45be-928c-1fcf660fe461',4);
INSERT INTO Beers (id,name,brewer) VALUES (16,'312e9016-e9b1-4a82-a208-0f3720db932b',7);
INSERT INTO Beers (id,name,brewer) VALUES (17,'6fdd6341-051a-42a2-9358-203616aa6299',5);
INSERT INTO Beers (id,name,brewer) VALUES (18,'beb7591c-7b84-4193-945b-2b4c8c5ecbd0',1);
INSERT INTO Beers (id,name,brewer) VALUES (19,'7af99bb4-5ab2-49a2-8c7c-ab6e54580804',2);
INSERT INTO Beers (id,name,brewer) VALUES (20,'77e65ae1-ff89-47b5-9d73-fa8d2bfc48e8',6);
INSERT INTO Beers (id,name,brewer) VALUES (21,'8d18bc1d-51ff-4d3e-8f86-56d4c3cc728d',8);
INSERT INTO Beers (id,name,brewer) VALUES (22,'5e1ce5da-d47b-42c6-aa82-17c5fd90348a',10);
INSERT INTO Beers (id,name,brewer) VALUES (23,'dfb5def6-fdda-4ccf-935f-57134d3f478e',5);
INSERT INTO Beers (id,name,brewer) VALUES (24,'d156f449-d2c2-44a1-8620-7689d3b5e0d8',6);
INSERT INTO Beers (id,name,brewer) VALUES (25,'0393ed8d-cd1c-4a8e-afbb-2df22b842a18',3);
INSERT INTO Beers (id,name,brewer) VALUES (26,'76425c22-4b2f-4bd6-89fb-101a2f2500fa',8);
INSERT INTO Beers (id,name,brewer) VALUES (27,'12863ab5-1bed-4ca8-bfce-1aab7fb806c0',2);
INSERT INTO Beers (id,name,brewer) VALUES (28,'be643516-82d8-47be-beda-4134faff1eb7',4);
INSERT INTO Beers (id,name,brewer) VALUES (29,'20a5b679-3248-4a7f-85ff-39d871b119e9',6);
INSERT INTO Beers (id,name,brewer) VALUES (30,'b8d235f4-fc99-49b4-9884-2d8673d41858',9);
INSERT INTO Beers (id,name,brewer) VALUES (31,'d1f63618-4671-4c9a-91a6-297eb32e4435',3);
INSERT INTO Beers (id,name,brewer) VALUES (32,'75cdca11-3fd1-4b04-bcd2-0d77c533b767',6);
INSERT INTO Beers (id,name,brewer) VALUES (33,'da0b10ae-4d46-40e3-9811-c9dd41846c25',6);
INSERT INTO Beers (id,name,brewer) VALUES (34,'b3e37e82-98bf-4c2c-98d8-4b38a87ef594',6);
INSERT INTO Beers (id,name,brewer) VALUES (35,'33017332-17d4-410b-a7d0-357c992ea39c',8);
INSERT INTO Beers (id,name,brewer) VALUES (36,'6194eff4-a4f7-4b5d-ab9c-e842ee916aed',3);
INSERT INTO Beers (id,name,brewer) VALUES (37,'a3fb48e5-9c27-495c-84f7-a336f30cb421',9);
INSERT INTO Beers (id,name,brewer) VALUES (38,'cb333885-c1ea-4178-9cd9-2a411aca0569',2);
INSERT INTO Beers (id,name,brewer) VALUES (39,'bb540a6f-0e69-4598-bbb5-027fd0ba9c1e',10);
INSERT INTO Beers (id,name,brewer) VALUES (40,'4519f4aa-e6fa-4757-bc81-f25c3a1bc036',1);
INSERT INTO Beers (id,name,brewer) VALUES (41,'d0f7dacf-8cc0-43bc-8381-70fa7df2aab4',3);
INSERT INTO Beers (id,name,brewer) VALUES (42,'3f62e228-2002-49d4-8f7f-2e814c9b0788',8);
INSERT INTO Beers (id,name,brewer) VALUES (43,'d648aff0-0b16-4fce-8e93-be209bd46a8f',8);
INSERT INTO Beers (id,name,brewer) VALUES (44,'f921b7e8-3b5b-4faf-96ba-c3d856fb8ddb',3);
INSERT INTO Beers (id,name,brewer) VALUES (45,'a3fa5c02-8e92-40c0-8960-1ac079a1e6a2',10);
INSERT INTO Beers (id,name,brewer) VALUES (46,'68dffe46-4529-47e5-9d7e-80eefa45071f',8);
INSERT INTO Beers (id,name,brewer) VALUES (47,'3c818f0d-0e0b-474d-8db0-cbc286b499f7',8);
INSERT INTO Beers (id,name,brewer) VALUES (48,'a37d1aa1-c215-4e55-93aa-dc099e863542',9);
INSERT INTO Beers (id,name,brewer) VALUES (49,'9c43ec48-ec23-416e-9cdd-6bfb0291fd2d',7);
INSERT INTO Beers (id,name,brewer) VALUES (50,'84e75630-191d-418a-b243-05e3075cb1d5',3);
INSERT INTO Bars (id,name,addr,license) VALUES (1,'Hi Fi Bar & Ballroom','3720 Curry CrossroadPagechester, RI 70729',712657);
INSERT INTO Bars (id,name,addr,license) VALUES (2,'The Sherlock Holmes Inn','821 Justin Alley Suite 448Kelleyville, KS 86824',585503);
INSERT INTO Bars (id,name,addr,license) VALUES (3,'Spleen Central','1467 Caitlyn MallFinleyton, OK 30381',399839);
INSERT INTO Bars (id,name,addr,license) VALUES (4,'Velour','523 Taylor Shoals Suite 554Nealchester, MD 10164',882865);
INSERT INTO Bars (id,name,addr,license) VALUES (5,'The Oxford Scholar Hotel','46508 Mccarthy Corners Apt. 976Port Valerie, AZ 26936',789147);
INSERT INTO Bars (id,name,addr,license) VALUES (6,'The Exchange Hotel','112 Ritter OverpassEast Brettland, LA 22591',990624);
INSERT INTO Bars (id,name,addr,license) VALUES (7,'The Charles Dickens Tavern','49090 Douglas SpringsSamuelport, TN 53750',743146);
INSERT INTO Bars (id,name,addr,license) VALUES (8,'Clare Castle Hotel','0790 Rhodes Circle Suite 430Port Laura, SD 44876',994616);
INSERT INTO Bars (id,name,addr,license) VALUES (9,'Young & Jackson','920 Mclean CurveOliverchester, PA 26204',995065);
INSERT INTO Bars (id,name,addr,license) VALUES (10,'Stork Hotel','4565 Washington Plains Apt. 464East Davidstad, MS 35060',390359);
INSERT INTO Bars (id,name,addr,license) VALUES (11,'Mercat Cross Hotel','88122 Church RidgesAmberland, FL 16937',485975);
INSERT INTO Bars (id,name,addr,license) VALUES (12,'The Carlton Hotel','116 Black FieldLake Elizabeth, OH 97646',170044);
INSERT INTO Bars (id,name,addr,license) VALUES (13,'Bar Centrale','43319 Velasquez Center Apt. 200Youngshire, WI 39116',476232);
INSERT INTO Bars (id,name,addr,license) VALUES (14,'The Carlton Hotel','USNV AllenFPO AA 83849',695411);
INSERT INTO Bars (id,name,addr,license) VALUES (15,'Melbourne International Backpackers','03367 Bradley PortsWest Amberview, WY 64860',747961);
INSERT INTO Drinkers (id,name,addr,phone) VALUES (1,'Brittany Diaz','PSC 6732, Box 4107APO AA 97313','7026632882');
INSERT INTO Drinkers (id,name,addr,phone) VALUES (2,'Michael Richardson','5530 Sanford Stravenue Suite 778Cooperchester, ME 07005','582.095.6539x3527');
INSERT INTO Drinkers (id,name,addr,phone) VALUES (3,'Gina Jackson','363 Lynch TerraceNew Christine, OK 82426','+1-529-559-8398x492');
INSERT INTO Drinkers (id,name,addr,phone) VALUES (4,'Laura George','191 Collier ParkwayWangville, KS 39057','(829)343-1513x28169');
INSERT INTO Drinkers (id,name,addr,phone) VALUES (5,'William Williams','PSC 8123, Box 0621APO AA 14880','(685)735-8500x780');
INSERT INTO Drinkers (id,name,addr,phone) VALUES (6,'John Wells','28317 Brown ShoreLake Jessica, IL 23449','001-931-326-8442x3941');
INSERT INTO Drinkers (id,name,addr,phone) VALUES (7,'Alexandra Burns','467 Tamara Mall Suite 100Christopherland, CA 91508','095-327-6482');
INSERT INTO Drinkers (id,name,addr,phone) VALUES (8,'Angela Smith','5094 Mullins Cape Apt. 436Port Danielville, KS 04157','001-171-685-0067x8758');
INSERT INTO Drinkers (id,name,addr,phone) VALUES (9,'Raymond Wilson','79896 Ramos Spur Apt. 503West Jessestad, TX 02219','(889)839-4177x04707');
INSERT INTO Drinkers (id,name,addr,phone) VALUES (10,'Peter Bradford','47559 Barbara StreetGallagherstad, TX 95919','542-767-0467x0649');
INSERT INTO Drinkers (id,name,addr,phone) VALUES (11,'Cathy Torres','448 Elizabeth Forges Suite 135New Katherineshire, TX 36690','001-684-048-5454x436');
INSERT INTO Drinkers (id,name,addr,phone) VALUES (12,'Claire Kelley DDS','672 Cortez LocksNew Elizabeth, SC 26818','026.788.4696');
INSERT INTO Drinkers (id,name,addr,phone) VALUES (13,'Marie Smith','3088 White Port Suite 697Haleyport, WA 33076','+1-370-541-0719x371');
INSERT INTO Drinkers (id,name,addr,phone) VALUES (14,'Robert Ramsey','497 Candace MissionSmithtown, RI 45723','(504)976-0973x3382');
INSERT INTO Drinkers (id,name,addr,phone) VALUES (15,'Caleb Gomez','979 Clarence DriveNorth Rodney, HI 57178','(985)503-7087x2048');
INSERT INTO Drinkers (id,name,addr,phone) VALUES (16,'Stephanie Vazquez','387 Rodriguez HollowMartinezbury, AL 23978','820-606-1661');
INSERT INTO Drinkers (id,name,addr,phone) VALUES (17,'Scott Frazier','USCGC AnthonyFPO AP 12382','001-964-630-5959x355');
INSERT INTO Drinkers (id,name,addr,phone) VALUES (18,'Christina Nguyen','8241 French Views Suite 586Port Jessicabury, LA 66175','001-528-458-4645x093');
INSERT INTO Drinkers (id,name,addr,phone) VALUES (19,'Maria Goodwin','26694 Flores PortPort Jesseport, DC 73227','+1-073-037-5613');
INSERT INTO Drinkers (id,name,addr,phone) VALUES (20,'Stephanie Davis','USNS RayFPO AA 76085','(577)110-4058x556');
INSERT INTO Drinkers (id,name,addr,phone) VALUES (21,'Kristin Smith','3402 Carpenter IsleDavisville, AR 54204','242-023-0724');
INSERT INTO Drinkers (id,name,addr,phone) VALUES (22,'Matthew Sanchez','475 Newton ForestLarsonborough, WI 05908','001-356-452-7821');
INSERT INTO Drinkers (id,name,addr,phone) VALUES (23,'Gary Aguirre','PSC 5875, Box 5839APO AE 46282','001-165-763-8867x460');
INSERT INTO Drinkers (id,name,addr,phone) VALUES (24,'Rachel Stevens','54959 Grant Lane Suite 692Lake Nathan, CT 34635','(144)893-5830');
INSERT INTO Drinkers (id,name,addr,phone) VALUES (25,'Morgan Villegas','86699 Tammy ShoreAndrewstad, RI 13846','6444186274');
INSERT INTO Drinkers (id,name,addr,phone) VALUES (26,'Sarah Bradshaw','82833 Walton SquaresJenniferchester, NV 26113','330-103-4498');
INSERT INTO Drinkers (id,name,addr,phone) VALUES (27,'Brandon Merritt','96556 Hart FieldsDixontown, NE 56188','001-976-742-2061');
INSERT INTO Drinkers (id,name,addr,phone) VALUES (28,'David Hoover','0863 Robert Viaduct Apt. 122South Lisa, FL 60335','917.469.9115x919');
INSERT INTO Drinkers (id,name,addr,phone) VALUES (29,'Brett Schmidt','30640 Walker InletEast Andrew, CT 99673','(138)214-8814x80127');
INSERT INTO Drinkers (id,name,addr,phone) VALUES (30,'Rebecca Singh','098 Hays PointsNorth Kylie, NV 39178','3961274445');
INSERT INTO Drinkers (id,name,addr,phone) VALUES (31,'Scott Perry','29678 Stephen Landing Apt. 811Woodsport, AR 71789','(706)670-9794x73605');
INSERT INTO Drinkers (id,name,addr,phone) VALUES (32,'Julia Olsen','43532 Schneider Plains Apt. 926East Brandy, OH 75383','169-007-2352');
INSERT INTO Drinkers (id,name,addr,phone) VALUES (33,'Brian Ortiz','PSC 4887, Box 8237APO AE 05042','714-641-2166x943');
INSERT INTO Drinkers (id,name,addr,phone) VALUES (34,'David Sanchez','6197 Wilkinson RowSouth Melissa, NY 23201','+1-314-406-7150x3377');
INSERT INTO Drinkers (id,name,addr,phone) VALUES (35,'John Schneider','3534 Joseph Mountains Apt. 785Martinton, PA 80304','917-165-5112');
INSERT INTO Drinkers (id,name,addr,phone) VALUES (36,'Diane Wilkinson MD','64413 Pollard Hollow Apt. 304Maryborough, GA 98434','+1-051-532-9883x466');
INSERT INTO Drinkers (id,name,addr,phone) VALUES (37,'Jonathan Murillo','92630 Snyder Causeway Suite 248Lucashaven, DE 76855','2469462337');
INSERT INTO Drinkers (id,name,addr,phone) VALUES (38,'Joanne Carey','2186 Herrera Wells Apt. 298Coxview, WI 72836','055-270-7961');
INSERT INTO Drinkers (id,name,addr,phone) VALUES (39,'Courtney Alvarez','03599 Johnson Vista Apt. 663Stacyberg, TN 13447','+1-130-444-3820');
INSERT INTO Drinkers (id,name,addr,phone) VALUES (40,'John Dalton','932 Gina Springs Suite 704Lake Leslieburgh, CO 51573','(755)281-9655x0014');
INSERT INTO Drinkers (id,name,addr,phone) VALUES (41,'Paula Anderson','PSC 8237, Box 8539APO AA 99225','351-788-8982x78221');
INSERT INTO Drinkers (id,name,addr,phone) VALUES (42,'Jim Weiss','379 Green Circles Apt. 168South Jessicaton, MD 54820','887-740-4363');
INSERT INTO Drinkers (id,name,addr,phone) VALUES (43,'Andrew Roberts','41366 Craig Key Apt. 673South Krystal, WY 82280','(505)102-2373');
INSERT INTO Drinkers (id,name,addr,phone) VALUES (44,'Angela Day','688 Martin Coves Suite 524New Teresa, CA 93172','001-570-046-5176x929');
INSERT INTO Drinkers (id,name,addr,phone) VALUES (45,'Kenneth Harris','USS SantiagoFPO AE 65886','734-942-2440x83696');
INSERT INTO Drinkers (id,name,addr,phone) VALUES (46,'Tony Baxter','726 Karen Summit Apt. 577Port Donald, VT 90695','001-648-410-5677x5427');
INSERT INTO Drinkers (id,name,addr,phone) VALUES (47,'Jonathan Lee','256 Johnson NeckLake Ryanmouth, NY 20742','(232)428-0364x0043');
INSERT INTO Drinkers (id,name,addr,phone) VALUES (48,'Barbara Barber','234 Ashley ValleyJessechester, CT 93837','024-627-7586');
INSERT INTO Drinkers (id,name,addr,phone) VALUES (49,'Robert Howard','13821 Emily Harbor Suite 065Port Markmouth, MD 63304','+1-565-531-7301x44800');
INSERT INTO Drinkers (id,name,addr,phone) VALUES (50,'Corey Thompson','671 Mark RidgesWilliamschester, WV 65601','237.728.0487');
INSERT INTO Drinkers (id,name,addr,phone) VALUES (51,'Eric Hayes','0270 Nelson Row Apt. 160South Sharonfort, NV 39736','0508788421');
INSERT INTO Drinkers (id,name,addr,phone) VALUES (52,'Susan Price','664 Kelsey TrailScottton, NY 44712','(990)219-0661x76745');
INSERT INTO Drinkers (id,name,addr,phone) VALUES (53,'Melanie Santiago','Unit 5071 Box 2377DPO AA 36416','001-328-853-9371x7670');
INSERT INTO Drinkers (id,name,addr,phone) VALUES (54,'Henry May','095 Jones AvenueNorth Jonathan, ME 99155','626.481.5614x640');
INSERT INTO Drinkers (id,name,addr,phone) VALUES (55,'Ana Reed','53386 Paula IsleGomezshire, GA 25113','564-240-0550');
INSERT INTO Drinkers (id,name,addr,phone) VALUES (56,'Kevin Gallegos','545 Robin Mills Apt. 088Chambersfort, MO 27192','(219)940-3253');
INSERT INTO Drinkers (id,name,addr,phone) VALUES (57,'Ashley Robinson','PSC 6582, Box 1863APO AP 29573','001-493-388-1392');
INSERT INTO Drinkers (id,name,addr,phone) VALUES (58,'Amber Stewart','6121 Kenneth Key Apt. 855South David, UT 25417','(538)068-5451');
INSERT INTO Drinkers (id,name,addr,phone) VALUES (59,'Daniel Trevino','904 Olivia CurveLake John, DE 36192','056-861-9502');
INSERT INTO Drinkers (id,name,addr,phone) VALUES (60,'Debbie Gibson','07202 Nicholas Creek Suite 763New Paulland, SC 46365','+1-078-364-3902x269');
INSERT INTO Drinkers (id,name,addr,phone) VALUES (61,'Dale Brooks','1253 Jeffery CliffEast Ryan, CA 52562','(152)616-3652');
INSERT INTO Drinkers (id,name,addr,phone) VALUES (62,'Maria Huffman','23850 Alexander Mountain Apt. 742Port Leahtown, TN 96164','001-904-088-5583');
INSERT INTO Drinkers (id,name,addr,phone) VALUES (63,'Wesley Santos Jr.','85036 Chen ViaductRobertside, MD 24026','001-078-044-2445');
INSERT INTO Drinkers (id,name,addr,phone) VALUES (64,'Ryan Huber','495 Sheila Manors Apt. 024Kevinmouth, PA 02075','325.936.6033x73029');
INSERT INTO Drinkers (id,name,addr,phone) VALUES (65,'Christopher Adams','1368 Brown Square Apt. 365South Kimberly, AK 39013','562-763-3124x39577');
INSERT INTO Drinkers (id,name,addr,phone) VALUES (66,'Bethany Snyder','574 Julie ParkPort Keith, NJ 81923','260-049-7846');
INSERT INTO Drinkers (id,name,addr,phone) VALUES (67,'Vincent Riley','448 Smith Tunnel Apt. 730Port Joshuaberg, CA 60097','001-206-909-0804x17676');
INSERT INTO Drinkers (id,name,addr,phone) VALUES (68,'William Fletcher','28722 Hicks Station Apt. 843Lake Robert, NJ 77319','110-517-1404x734');
INSERT INTO Drinkers (id,name,addr,phone) VALUES (69,'Monica Scott','321 Laura Circle Apt. 522East Erica, ND 71495','987.887.5706');
INSERT INTO Drinkers (id,name,addr,phone) VALUES (70,'Brianna Coleman','13603 Barron RoadEast Joseph, MS 52472','506-380-3041x099');
INSERT INTO Drinkers (id,name,addr,phone) VALUES (71,'Walter Higgins','154 Shane LaneRoberthaven, TX 57439','351-829-0141');
INSERT INTO Drinkers (id,name,addr,phone) VALUES (72,'Linda Williams','135 Watson SquaresJesseshire, MI 51873','+1-147-479-5668x67703');
INSERT INTO Drinkers (id,name,addr,phone) VALUES (73,'Monica Johnson','Unit 6883 Box 2286DPO AE 03528','001-625-887-5127x3366');
INSERT INTO Drinkers (id,name,addr,phone) VALUES (74,'Tonya Chavez','67021 Eric Turnpike Apt. 291Velasquezfurt, RI 07509','732-425-4319x67180');
INSERT INTO Drinkers (id,name,addr,phone) VALUES (75,'Nicole Higgins','0765 Darlene OrchardPort Rick, WI 03083','(405)359-8743x6451');
INSERT INTO Drinkers (id,name,addr,phone) VALUES (76,'Elizabeth Singh','77208 Jacqueline Fords Suite 567Lake Dustin, RI 72841','(515)712-8487');
INSERT INTO Drinkers (id,name,addr,phone) VALUES (77,'Andre Boyer','04014 April MountainLake Angela, OK 28980','4256394560');
INSERT INTO Drinkers (id,name,addr,phone) VALUES (78,'Natalie Collins','3165 Caldwell LakesLake Laurastad, DC 30645','650.415.7647x03999');
INSERT INTO Drinkers (id,name,addr,phone) VALUES (79,'Ann Ward','756 Janice HarborEast Vanessa, AZ 19309','365-575-5497');
INSERT INTO Drinkers (id,name,addr,phone) VALUES (80,'Kristen Schroeder','369 Marshall CausewayEast Joseph, OR 58730','908.208.5812x10566');
INSERT INTO Drinkers (id,name,addr,phone) VALUES (81,'Kathleen Oconnor','16258 Atkinson Squares Apt. 589Ericchester, NV 57418','306-207-2833x8318');
INSERT INTO Drinkers (id,name,addr,phone) VALUES (82,'Dana Harvey','2483 Perry HarborPort Charles, NV 72462','001-545-987-0563');
INSERT INTO Drinkers (id,name,addr,phone) VALUES (83,'Crystal Bailey','5672 Debbie ViewsNorth Zacharyland, WI 67762','079.317.2651x9773');
INSERT INTO Drinkers (id,name,addr,phone) VALUES (84,'Cassandra Rivera','675 Kim ShoreDavidberg, AK 01981','5373105152');
INSERT INTO Drinkers (id,name,addr,phone) VALUES (85,'Douglas Moore','966 Cheryl Stream Apt. 722Lake Valerie, ME 66055','593.352.6814');
INSERT INTO Drinkers (id,name,addr,phone) VALUES (86,'Brandon Clay','621 Jones FlatSharonport, FL 82054','+1-743-695-4120x5593');
INSERT INTO Drinkers (id,name,addr,phone) VALUES (87,'Denise Price','94106 Henderson Flat Apt. 707Port Rebecca, NJ 67785','001-454-383-0026x7270');
INSERT INTO Drinkers (id,name,addr,phone) VALUES (88,'David Werner','69239 Becky VillagesNew Alan, NH 60825','7730491780');
INSERT INTO Drinkers (id,name,addr,phone) VALUES (89,'Courtney Palmer','1101 Charles PointLake Michael, MS 13850','133-963-2733');
INSERT INTO Drinkers (id,name,addr,phone) VALUES (90,'James Smith','8287 James PathMooretown, NY 31806','(152)481-3149x894');
INSERT INTO Drinkers (id,name,addr,phone) VALUES (91,'James Hubbard','764 Estes PinesWest Nicole, KS 02442','(563)407-3956x461');
INSERT INTO Drinkers (id,name,addr,phone) VALUES (92,'Brianna Crawford','8330 Garcia FordsNunezmouth, KY 91505','4985040398');
INSERT INTO Drinkers (id,name,addr,phone) VALUES (93,'Kevin Mendez','359 Martin FieldsEast Kathleentown, MN 48510','940.939.5146x96875');
INSERT INTO Drinkers (id,name,addr,phone) VALUES (94,'Miss Barbara Smith','3362 Kristen LoopAndrewburgh, TX 91957','851-683-8446x621');
INSERT INTO Drinkers (id,name,addr,phone) VALUES (95,'Jonathan Anderson','0882 James Harbors Suite 759Larsonmouth, VA 50801','001-589-996-4408x067');
INSERT INTO Drinkers (id,name,addr,phone) VALUES (96,'Sean Alvarez','0275 Jones ShoreNew Annatown, VT 80894','(640)599-6499x359');
INSERT INTO Drinkers (id,name,addr,phone) VALUES (97,'Linda Barnes','32174 Bender IslandBrianmouth, WV 38873','(429)544-3243');
INSERT INTO Drinkers (id,name,addr,phone) VALUES (98,'Nicholas Todd','16555 Sullivan EstatesNew Loriside, AL 19571','009-385-0740x9412');
INSERT INTO Drinkers (id,name,addr,phone) VALUES (99,'Kristen Rocha','11693 Mason StreetSouth Carol, WI 24049','976.713.5835x1750');
INSERT INTO Drinkers (id,name,addr,phone) VALUES (100,'Amanda Bridges','840 Antonio Mount Suite 689New Eric, LA 32173','+1-955-968-3054x13618');
INSERT INTO Sells (bar,beer,price) VALUES (8,12,18.40246217086628);
INSERT INTO Sells (bar,beer,price) VALUES (6,45,15.486904540161756);
INSERT INTO Sells (bar,beer,price) VALUES (10,24,11.732523072988178);
INSERT INTO Sells (bar,beer,price) VALUES (1,2,5.733128380980627);
INSERT INTO Sells (bar,beer,price) VALUES (3,42,14.847801291501698);
INSERT INTO Sells (bar,beer,price) VALUES (2,45,16.913539699514683);
INSERT INTO Sells (bar,beer,price) VALUES (4,45,11.73995047993781);
INSERT INTO Sells (bar,beer,price) VALUES (7,19,16.8665867412617);
INSERT INTO Sells (bar,beer,price) VALUES (3,38,17.31415300680854);
INSERT INTO Sells (bar,beer,price) VALUES (1,1,27.85224537277132);
INSERT INTO Sells (bar,beer,price) VALUES (11,6,20.575324093093023);
INSERT INTO Sells (bar,beer,price) VALUES (13,31,7.799633767141854);
INSERT INTO Sells (bar,beer,price) VALUES (6,27,22.653138776752446);
INSERT INTO Sells (bar,beer,price) VALUES (5,24,5.290685254400083);
INSERT INTO Sells (bar,beer,price) VALUES (11,26,16.931194773250997);
INSERT INTO Sells (bar,beer,price) VALUES (12,46,6.286869786995973);
INSERT INTO Sells (bar,beer,price) VALUES (12,3,17.81129206766601);
INSERT INTO Sells (bar,beer,price) VALUES (9,1,24.672688158849226);
INSERT INTO Sells (bar,beer,price) VALUES (12,24,13.817238042691178);
INSERT INTO Sells (bar,beer,price) VALUES (7,1,28.80232588503772);
INSERT INTO Sells (bar,beer,price) VALUES (12,40,28.58374184701421);
INSERT INTO Sells (bar,beer,price) VALUES (8,28,23.966046314677342);
INSERT INTO Sells (bar,beer,price) VALUES (10,32,18.99910833308561);
INSERT INTO Sells (bar,beer,price) VALUES (10,12,21.783149956516244);
INSERT INTO Sells (bar,beer,price) VALUES (6,2,11.822230122863687);
INSERT INTO Sells (bar,beer,price) VALUES (14,6,23.03230178626784);
INSERT INTO Sells (bar,beer,price) VALUES (6,32,23.045491343943066);
INSERT INTO Sells (bar,beer,price) VALUES (12,50,6.538498319681997);
INSERT INTO Sells (bar,beer,price) VALUES (6,14,10.42926725674009);
INSERT INTO Sells (bar,beer,price) VALUES (9,12,26.799528112073297);
INSERT INTO Sells (bar,beer,price) VALUES (15,48,29.629806549196807);
INSERT INTO Sells (bar,beer,price) VALUES (5,23,13.489011787414341);
INSERT INTO Sells (bar,beer,price) VALUES (11,16,11.634980099578424);
INSERT INTO Sells (bar,beer,price) VALUES (2,33,17.414594880779745);
INSERT INTO Sells (bar,beer,price) VALUES (9,32,22.082056687195767);
INSERT INTO Sells (bar,beer,price) VALUES (7,29,19.94202223600165);
INSERT INTO Sells (bar,beer,price) VALUES (10,44,14.229214657592799);
INSERT INTO Sells (bar,beer,price) VALUES (3,21,16.64876671359595);
INSERT INTO Sells (bar,beer,price) VALUES (7,17,26.592696862933742);
INSERT INTO Sells (bar,beer,price) VALUES (4,35,6.0727455094271585);
INSERT INTO Sells (bar,beer,price) VALUES (15,27,14.263222009951305);
INSERT INTO Sells (bar,beer,price) VALUES (6,24,14.06670379411392);
INSERT INTO Sells (bar,beer,price) VALUES (3,23,28.99006543192723);
INSERT INTO Sells (bar,beer,price) VALUES (9,41,14.876491153438893);
INSERT INTO Sells (bar,beer,price) VALUES (10,39,19.739464955154624);
INSERT INTO Sells (bar,beer,price) VALUES (1,36,22.56260199124041);
INSERT INTO Sells (bar,beer,price) VALUES (2,32,19.660290569250535);
INSERT INTO Sells (bar,beer,price) VALUES (13,10,25.21904204248869);
INSERT INTO Sells (bar,beer,price) VALUES (3,15,7.310266949016332);
INSERT INTO Sells (bar,beer,price) VALUES (9,50,25.062723369624354);
INSERT INTO Sells (bar,beer,price) VALUES (1,13,21.452933105978186);
INSERT INTO Sells (bar,beer,price) VALUES (4,20,17.223054761046956);
INSERT INTO Sells (bar,beer,price) VALUES (7,48,10.95700197369041);
INSERT INTO Sells (bar,beer,price) VALUES (15,43,19.38186058214308);
INSERT INTO Sells (bar,beer,price) VALUES (5,48,6.306706173980684);
INSERT INTO Sells (bar,beer,price) VALUES (14,13,26.704617033710434);
INSERT INTO Sells (bar,beer,price) VALUES (2,3,8.130982450058521);
INSERT INTO Sells (bar,beer,price) VALUES (11,22,10.966091911315157);
INSERT INTO Sells (bar,beer,price) VALUES (13,49,21.70282810979399);
INSERT INTO Sells (bar,beer,price) VALUES (12,2,26.880479671279453);
INSERT INTO Sells (bar,beer,price) VALUES (2,22,17.413721812533826);
INSERT INTO Sells (bar,beer,price) VALUES (9,17,28.415008434297118);
INSERT INTO Sells (bar,beer,price) VALUES (10,3,13.403897007861202);
INSERT INTO Sells (bar,beer,price) VALUES (15,21,13.372313898330225);
INSERT INTO Sells (bar,beer,price) VALUES (3,33,23.41568886581494);
INSERT INTO Sells (bar,beer,price) VALUES (9,47,20.83188815809187);
INSERT INTO Sells (bar,beer,price) VALUES (11,2,26.02485342774641);
INSERT INTO Sells (bar,beer,price) VALUES (9,41,12.365215099873055);
INSERT INTO Sells (bar,beer,price) VALUES (4,50,26.084168372183672);
INSERT INTO Sells (bar,beer,price) VALUES (3,40,14.051655460392713);
INSERT INTO Sells (bar,beer,price) VALUES (6,29,14.095718507920319);
INSERT INTO Sells (bar,beer,price) VALUES (8,48,7.058632215428222);
INSERT INTO Sells (bar,beer,price) VALUES (2,34,8.706756556960961);
INSERT INTO Sells (bar,beer,price) VALUES (5,18,7.901167402257466);
INSERT INTO Sells (bar,beer,price) VALUES (11,3,24.21440469825189);
INSERT INTO Sells (bar,beer,price) VALUES (14,7,9.120895949580035);
INSERT INTO Sells (bar,beer,price) VALUES (15,34,8.169892935508084);
INSERT INTO Sells (bar,beer,price) VALUES (6,49,13.45755803366571);
INSERT INTO Sells (bar,beer,price) VALUES (14,14,11.597578623363765);
INSERT INTO Sells (bar,beer,price) VALUES (13,14,25.305296118884815);
INSERT INTO Sells (bar,beer,price) VALUES (15,43,14.067158122624267);
INSERT INTO Sells (bar,beer,price) VALUES (4,31,18.165919814337254);
INSERT INTO Sells (bar,beer,price) VALUES (5,20,13.24480523091464);
INSERT INTO Sells (bar,beer,price) VALUES (10,25,27.303072551666105);
INSERT INTO Sells (bar,beer,price) VALUES (14,20,14.930125612934296);
INSERT INTO Sells (bar,beer,price) VALUES (11,20,26.877804258761728);
INSERT INTO Sells (bar,beer,price) VALUES (10,41,22.859858723815332);
INSERT INTO Sells (bar,beer,price) VALUES (5,23,27.55263056448759);
INSERT INTO Sells (bar,beer,price) VALUES (11,19,23.725565205595064);
INSERT INTO Sells (bar,beer,price) VALUES (10,31,8.67807841970804);
INSERT INTO Sells (bar,beer,price) VALUES (8,26,16.390726961183027);
INSERT INTO Sells (bar,beer,price) VALUES (9,29,23.841879381863123);
INSERT INTO Sells (bar,beer,price) VALUES (3,18,29.991575712907583);
INSERT INTO Sells (bar,beer,price) VALUES (15,27,14.001846254827806);
INSERT INTO Sells (bar,beer,price) VALUES (12,9,22.19927924768545);
INSERT INTO Sells (bar,beer,price) VALUES (3,33,24.63551812255626);
INSERT INTO Sells (bar,beer,price) VALUES (11,17,22.170532540093593);
INSERT INTO Sells (bar,beer,price) VALUES (2,42,22.93904112479961);
INSERT INTO Sells (bar,beer,price) VALUES (10,23,6.81853379007775);
INSERT INTO Sells (bar,beer,price) VALUES (9,41,10.48540907652636);
INSERT INTO Likes (drinker,beer) VALUES (56,37);
INSERT INTO Likes (drinker,beer) VALUES (22,15);
INSERT INTO Likes (drinker,beer) VALUES (33,2);
INSERT INTO Likes (drinker,beer) VALUES (51,36);
INSERT INTO Likes (drinker,beer) VALUES (54,27);
INSERT INTO Likes (drinker,beer) VALUES (45,24);
INSERT INTO Likes (drinker,beer) VALUES (5,16);
INSERT INTO Likes (drinker,beer) VALUES (12,16);
INSERT INTO Likes (drinker,beer) VALUES (80,42);
INSERT INTO Likes (drinker,beer) VALUES (42,43);
INSERT INTO Likes (drinker,beer) VALUES (12,18);
INSERT INTO Likes (drinker,beer) VALUES (79,48);
INSERT INTO Likes (drinker,beer) VALUES (22,34);
INSERT INTO Likes (drinker,beer) VALUES (4,7);
INSERT INTO Likes (drinker,beer) VALUES (70,7);
INSERT INTO Likes (drinker,beer) VALUES (55,1);
INSERT INTO Likes (drinker,beer) VALUES (47,25);
INSERT INTO Likes (drinker,beer) VALUES (6,44);
INSERT INTO Likes (drinker,beer) VALUES (91,20);
INSERT INTO Likes (drinker,beer) VALUES (83,47);
INSERT INTO Likes (drinker,beer) VALUES (57,47);
INSERT INTO Likes (drinker,beer) VALUES (83,33);
INSERT INTO Likes (drinker,beer) VALUES (91,12);
INSERT INTO Likes (drinker,beer) VALUES (27,25);
INSERT INTO Likes (drinker,beer) VALUES (98,4);
INSERT INTO Likes (drinker,beer) VALUES (6,31);
INSERT INTO Likes (drinker,beer) VALUES (17,48);
INSERT INTO Likes (drinker,beer) VALUES (70,34);
INSERT INTO Likes (drinker,beer) VALUES (5,6);
INSERT INTO Likes (drinker,beer) VALUES (27,33);
INSERT INTO Likes (drinker,beer) VALUES (68,26);
INSERT INTO Likes (drinker,beer) VALUES (44,38);
INSERT INTO Likes (drinker,beer) VALUES (99,9);
INSERT INTO Likes (drinker,beer) VALUES (97,12);
INSERT INTO Likes (drinker,beer) VALUES (72,17);
INSERT INTO Likes (drinker,beer) VALUES (7,8);
INSERT INTO Likes (drinker,beer) VALUES (78,8);
INSERT INTO Likes (drinker,beer) VALUES (62,11);
INSERT INTO Likes (drinker,beer) VALUES (13,33);
INSERT INTO Likes (drinker,beer) VALUES (30,3);
INSERT INTO Likes (drinker,beer) VALUES (54,27);
INSERT INTO Likes (drinker,beer) VALUES (83,9);
INSERT INTO Likes (drinker,beer) VALUES (23,35);
INSERT INTO Likes (drinker,beer) VALUES (62,43);
INSERT INTO Likes (drinker,beer) VALUES (24,35);
INSERT INTO Likes (drinker,beer) VALUES (86,17);
INSERT INTO Likes (drinker,beer) VALUES (93,24);
INSERT INTO Likes (drinker,beer) VALUES (11,37);
INSERT INTO Likes (drinker,beer) VALUES (4,50);
INSERT INTO Likes (drinker,beer) VALUES (22,46);
INSERT INTO Likes (drinker,beer) VALUES (38,18);
INSERT INTO Likes (drinker,beer) VALUES (90,33);
INSERT INTO Likes (drinker,beer) VALUES (92,45);
INSERT INTO Likes (drinker,beer) VALUES (27,21);
INSERT INTO Likes (drinker,beer) VALUES (78,16);
INSERT INTO Likes (drinker,beer) VALUES (90,30);
INSERT INTO Likes (drinker,beer) VALUES (77,15);
INSERT INTO Likes (drinker,beer) VALUES (76,45);
INSERT INTO Likes (drinker,beer) VALUES (50,22);
INSERT INTO Likes (drinker,beer) VALUES (18,5);
INSERT INTO Likes (drinker,beer) VALUES (70,21);
INSERT INTO Likes (drinker,beer) VALUES (91,6);
INSERT INTO Likes (drinker,beer) VALUES (23,39);
INSERT INTO Likes (drinker,beer) VALUES (45,40);
INSERT INTO Likes (drinker,beer) VALUES (68,45);
INSERT INTO Likes (drinker,beer) VALUES (51,49);
INSERT INTO Likes (drinker,beer) VALUES (87,36);
INSERT INTO Likes (drinker,beer) VALUES (9,3);
INSERT INTO Likes (drinker,beer) VALUES (53,13);
INSERT INTO Likes (drinker,beer) VALUES (52,22);
INSERT INTO Likes (drinker,beer) VALUES (97,23);
INSERT INTO Likes (drinker,beer) VALUES (51,25);
INSERT INTO Likes (drinker,beer) VALUES (25,36);
INSERT INTO Likes (drinker,beer) VALUES (97,30);
INSERT INTO Likes (drinker,beer) VALUES (63,8);
INSERT INTO Likes (drinker,beer) VALUES (32,20);
INSERT INTO Likes (drinker,beer) VALUES (18,48);
INSERT INTO Likes (drinker,beer) VALUES (97,44);
INSERT INTO Likes (drinker,beer) VALUES (94,27);
INSERT INTO Likes (drinker,beer) VALUES (16,42);
INSERT INTO Likes (drinker,beer) VALUES (94,39);
INSERT INTO Likes (drinker,beer) VALUES (47,23);
INSERT INTO Likes (drinker,beer) VALUES (3,47);
INSERT INTO Likes (drinker,beer) VALUES (38,27);
INSERT INTO Likes (drinker,beer) VALUES (30,31);
INSERT INTO Likes (drinker,beer) VALUES (72,50);
INSERT INTO Likes (drinker,beer) VALUES (52,20);
INSERT INTO Likes (drinker,beer) VALUES (25,39);
INSERT INTO Likes (drinker,beer) VALUES (39,39);
INSERT INTO Likes (drinker,beer) VALUES (4,33);
INSERT INTO Likes (drinker,beer) VALUES (46,44);
INSERT INTO Likes (drinker,beer) VALUES (63,32);
INSERT INTO Likes (drinker,beer) VALUES (51,44);
INSERT INTO Likes (drinker,beer) VALUES (83,11);
INSERT INTO Likes (drinker,beer) VALUES (96,2);
INSERT INTO Likes (drinker,beer) VALUES (95,42);
INSERT INTO Likes (drinker,beer) VALUES (66,48);
INSERT INTO Likes (drinker,beer) VALUES (66,47);
INSERT INTO Likes (drinker,beer) VALUES (50,30);
INSERT INTO Likes (drinker,beer) VALUES (20,38);
INSERT INTO Frequents (drinker,bar) VALUES (42,7);
INSERT INTO Frequents (drinker,bar) VALUES (13,7);
INSERT INTO Frequents (drinker,bar) VALUES (74,6);
INSERT INTO Frequents (drinker,bar) VALUES (59,14);
INSERT INTO Frequents (drinker,bar) VALUES (83,5);
INSERT INTO Frequents (drinker,bar) VALUES (79,11);
INSERT INTO Frequents (drinker,bar) VALUES (98,9);
INSERT INTO Frequents (drinker,bar) VALUES (1,2);
INSERT INTO Frequents (drinker,bar) VALUES (25,13);
INSERT INTO Frequents (drinker,bar) VALUES (41,14);
INSERT INTO Frequents (drinker,bar) VALUES (83,7);
INSERT INTO Frequents (drinker,bar) VALUES (14,3);
INSERT INTO Frequents (drinker,bar) VALUES (45,2);
INSERT INTO Frequents (drinker,bar) VALUES (41,1);
INSERT INTO Frequents (drinker,bar) VALUES (81,11);
INSERT INTO Frequents (drinker,bar) VALUES (5,14);
INSERT INTO Frequents (drinker,bar) VALUES (25,1);
INSERT INTO Frequents (drinker,bar) VALUES (64,3);
INSERT INTO Frequents (drinker,bar) VALUES (52,4);
INSERT INTO Frequents (drinker,bar) VALUES (12,15);
INSERT INTO Frequents (drinker,bar) VALUES (8,10);
INSERT INTO Frequents (drinker,bar) VALUES (18,10);
INSERT INTO Frequents (drinker,bar) VALUES (54,9);
INSERT INTO Frequents (drinker,bar) VALUES (39,14);
INSERT INTO Frequents (drinker,bar) VALUES (23,14);
INSERT INTO Frequents (drinker,bar) VALUES (7,4);
INSERT INTO Frequents (drinker,bar) VALUES (83,2);
INSERT INTO Frequents (drinker,bar) VALUES (69,11);
INSERT INTO Frequents (drinker,bar) VALUES (75,4);
INSERT INTO Frequents (drinker,bar) VALUES (41,4);
INSERT INTO Frequents (drinker,bar) VALUES (32,3);
INSERT INTO Frequents (drinker,bar) VALUES (14,3);
INSERT INTO Frequents (drinker,bar) VALUES (9,13);
INSERT INTO Frequents (drinker,bar) VALUES (41,14);
INSERT INTO Frequents (drinker,bar) VALUES (29,7);
INSERT INTO Frequents (drinker,bar) VALUES (80,15);
INSERT INTO Frequents (drinker,bar) VALUES (70,12);
INSERT INTO Frequents (drinker,bar) VALUES (49,6);
INSERT INTO Frequents (drinker,bar) VALUES (37,5);
INSERT INTO Frequents (drinker,bar) VALUES (13,12);
INSERT INTO Frequents (drinker,bar) VALUES (59,5);
INSERT INTO Frequents (drinker,bar) VALUES (30,2);
INSERT INTO Frequents (drinker,bar) VALUES (93,13);
INSERT INTO Frequents (drinker,bar) VALUES (36,14);
INSERT INTO Frequents (drinker,bar) VALUES (9,14);
INSERT INTO Frequents (drinker,bar) VALUES (68,4);
INSERT INTO Frequents (drinker,bar) VALUES (76,6);
INSERT INTO Frequents (drinker,bar) VALUES (3,4);
INSERT INTO Frequents (drinker,bar) VALUES (53,1);
INSERT INTO Frequents (drinker,bar) VALUES (27,10);
INSERT INTO Frequents (drinker,bar) VALUES (64,10);
INSERT INTO Frequents (drinker,bar) VALUES (85,6);
INSERT INTO Frequents (drinker,bar) VALUES (31,5);
INSERT INTO Frequents (drinker,bar) VALUES (67,12);
INSERT INTO Frequents (drinker,bar) VALUES (76,5);
INSERT INTO Frequents (drinker,bar) VALUES (7,13);
INSERT INTO Frequents (drinker,bar) VALUES (43,9);
INSERT INTO Frequents (drinker,bar) VALUES (42,7);
INSERT INTO Frequents (drinker,bar) VALUES (9,11);
INSERT INTO Frequents (drinker,bar) VALUES (16,4);
INSERT INTO Frequents (drinker,bar) VALUES (90,7);
INSERT INTO Frequents (drinker,bar) VALUES (1,4);
INSERT INTO Frequents (drinker,bar) VALUES (26,8);
INSERT INTO Frequents (drinker,bar) VALUES (19,5);
INSERT INTO Frequents (drinker,bar) VALUES (62,4);
INSERT INTO Frequents (drinker,bar) VALUES (25,14);
INSERT INTO Frequents (drinker,bar) VALUES (38,4);
INSERT INTO Frequents (drinker,bar) VALUES (7,8);
INSERT INTO Frequents (drinker,bar) VALUES (75,9);
INSERT INTO Frequents (drinker,bar) VALUES (52,9);
INSERT INTO Frequents (drinker,bar) VALUES (53,15);
INSERT INTO Frequents (drinker,bar) VALUES (92,15);
INSERT INTO Frequents (drinker,bar) VALUES (42,15);
INSERT INTO Frequents (drinker,bar) VALUES (57,3);
INSERT INTO Frequents (drinker,bar) VALUES (99,1);
INSERT INTO Frequents (drinker,bar) VALUES (21,5);
INSERT INTO Frequents (drinker,bar) VALUES (38,9);
INSERT INTO Frequents (drinker,bar) VALUES (12,15);
INSERT INTO Frequents (drinker,bar) VALUES (59,5);
INSERT INTO Frequents (drinker,bar) VALUES (68,9);
INSERT INTO Frequents (drinker,bar) VALUES (90,10);
INSERT INTO Frequents (drinker,bar) VALUES (61,12);
INSERT INTO Frequents (drinker,bar) VALUES (47,4);
INSERT INTO Frequents (drinker,bar) VALUES (74,12);
INSERT INTO Frequents (drinker,bar) VALUES (60,13);
INSERT INTO Frequents (drinker,bar) VALUES (63,8);
INSERT INTO Frequents (drinker,bar) VALUES (16,10);
INSERT INTO Frequents (drinker,bar) VALUES (41,15);
INSERT INTO Frequents (drinker,bar) VALUES (44,7);
INSERT INTO Frequents (drinker,bar) VALUES (27,11);
INSERT INTO Frequents (drinker,bar) VALUES (11,7);
INSERT INTO Frequents (drinker,bar) VALUES (53,2);
INSERT INTO Frequents (drinker,bar) VALUES (22,9);
INSERT INTO Frequents (drinker,bar) VALUES (48,14);
INSERT INTO Frequents (drinker,bar) VALUES (86,1);
INSERT INTO Frequents (drinker,bar) VALUES (66,7);
INSERT INTO Frequents (drinker,bar) VALUES (37,7);
INSERT INTO Frequents (drinker,bar) VALUES (87,12);
INSERT INTO Frequents (drinker,bar) VALUES (90,12);
INSERT INTO Frequents (drinker,bar) VALUES (14,8);
